{
"keyframes" : [{
"cam" : {
"position" : {
"x" : 4395034.594,
"y" : 2343145.332,
"z" : -34273.56713
}
,
"right" : {
"x" : 0.8422268033,
"y" : -0.5391235948,
"z" : 0
}
,
"up" : {
"x" : 0.3698444963,
"y" : 0.5777763128,
"z" : -0.727591753
}
,
"look" : {
"x" : 0.3922618628,
"y" : 0.6127969623,
"z" : 0.6860103011
}
,
"type" : 2
}
,
"speed" : 50000,
"length" : 0
}
, {
"cam" : {
"position" : {
"x" : 4419530.063,
"y" : 2376361.448,
"z" : -1737.050443
}
,
"right" : {
"x" : 0.8422268033,
"y" : -0.5391235948,
"z" : 0
}
,
"up" : {
"x" : 0.3698444963,
"y" : 0.5777763128,
"z" : -0.727591753
}
,
"look" : {
"x" : 0.3922618628,
"y" : 0.6127969623,
"z" : 0.6860103011
}
,
"type" : 2
}
,
"speed" : 7000,
"length" : 52554.38367
}
, {
"cam" : {
"position" : {
"x" : 4420199.359,
"y" : 2377022.388,
"z" : -1022.922969
}
,
"right" : {
"x" : 0.8580190539,
"y" : -0.513618052,
"z" : 0
}
,
"up" : {
"x" : 0.2904307842,
"y" : 0.4851759672,
"z" : -0.8247753382
}
,
"look" : {
"x" : 0.4236195087,
"y" : 0.7076728344,
"z" : 0.5654604435
}
,
"type" : 2
}
,
"speed" : 100,
"length" : 53735.3906
}
, {
"cam" : {
"position" : {
"x" : 4420298.414,
"y" : 2377251.802,
"z" : -890.1254112
}
,
"right" : {
"x" : 0.7113185525,
"y" : -0.7028697133,
"z" : 0
}
,
"up" : {
"x" : 0.2483609766,
"y" : 0.2513464093,
"z" : -0.9354902506
}
,
"look" : {
"x" : 0.6575277448,
"y" : 0.6654315591,
"z" : 0.3533527553
}
,
"type" : 2
}
,
"speed" : 100,
"length" : 54018.37059
}
, {
"cam" : {
"position" : {
"x" : 4420946.904,
"y" : 2379029.683,
"z" : -399.7917548
}
,
"right" : {
"x" : 0.7903453708,
"y" : -0.6126616597,
"z" : 0
}
,
"up" : {
"x" : 0.1933930665,
"y" : 0.2494807988,
"z" : -0.9488723278
}
,
"look" : {
"x" : 0.5813376904,
"y" : 0.7499367595,
"z" : 0.3156605363
}
,
"type" : 2
}
,
"speed" : 400,
"length" : 55973.32029
}
, {
"cam" : {
"position" : {
"x" : 4421262.894,
"y" : 2379556.14,
"z" : -432.8297078
}
,
"right" : {
"x" : 0.6296634078,
"y" : -0.7768680453,
"z" : 0
}
,
"up" : {
"x" : 0.2489755303,
"y" : 0.2017984986,
"z" : -0.9472532868
}
,
"look" : {
"x" : 0.7358907461,
"y" : 0.5964506865,
"z" : 0.3204862177
}
,
"type" : 2
}
,
"speed" : 500,
"length" : 56588.21754
}
, {
"cam" : {
"position" : {
"x" : 4421602.168,
"y" : 2379884.509,
"z" : -461.5146887
}
,
"right" : {
"x" : 0.1604237109,
"y" : -0.9870482087,
"z" : 0
}
,
"up" : {
"x" : 0.3900426924,
"y" : 0.0633931458,
"z" : -0.9186121821
}
,
"look" : {
"x" : 0.9067143798,
"y" : 0.1473671049,
"z" : 0.3951606452
}
,
"type" : 2
}
,
"speed" : 500,
"length" : 57061.24567
}
, {
"cam" : {
"position" : {
"x" : 4422943.406,
"y" : 2379991.126,
"z" : -440.0489683
}
,
"right" : {
"x" : 0.3996361792,
"y" : -0.9166738391,
"z" : 0
}
,
"up" : {
"x" : 0.2894361317,
"y" : 0.1261835396,
"z" : -0.9488438964
}
,
"look" : {
"x" : 0.8697801828,
"y" : 0.3791922629,
"z" : 0.3157459497
}
,
"type" : 2
}
,
"speed" : 500,
"length" : 58406.88568
}
, {
"cam" : {
"position" : {
"x" : 4425908.224,
"y" : 2381912.341,
"z" : -800.4090748
}
,
"right" : {
"x" : -0.3975819051,
"y" : -0.9175665975,
"z" : 0
}
,
"up" : {
"x" : 0.2766265571,
"y" : -0.1198624223,
"z" : -0.9534730911
}
,
"look" : {
"x" : 0.8748750687,
"y" : -0.3790836632,
"z" : 0.3014783859
}
,
"type" : 2
}
,
"speed" : 400,
"length" : 61958.09243
}
, {
"cam" : {
"position" : {
"x" : 4428934.382,
"y" : 2380788.432,
"z" : -497.9754805
}
,
"right" : {
"x" : -0.9081650972,
"y" : -0.4186117947,
"z" : 0
}
,
"up" : {
"x" : 0.1101403013,
"y" : -0.2389460206,
"z" : -0.9647663236
}
,
"look" : {
"x" : 0.4038625956,
"y" : -0.8761670589,
"z" : 0.2631084919
}
,
"type" : 2
}
,
"speed" : 700,
"length" : 65200.35559
}
, {
"cam" : {
"position" : {
"x" : 4429237.124,
"y" : 2379765.129,
"z" : -491.877098
}
,
"right" : {
"x" : -0.9852585793,
"y" : -0.1710706502,
"z" : 0
}
,
"up" : {
"x" : 0.06285623461,
"y" : -0.3620123267,
"z" : -0.9300518036
}
,
"look" : {
"x" : 0.1591045856,
"y" : -0.9163413644,
"z" : 0.3674286902
}
,
"type" : 2
}
,
"speed" : 700,
"length" : 66267.51907
}
, {
"cam" : {
"position" : {
"x" : 4429685.469,
"y" : 2377846.484,
"z" : -450.747147
}
,
"right" : {
"x" : -0.9980836511,
"y" : -0.06187671795,
"z" : 0
}
,
"up" : {
"x" : 0.02099880949,
"y" : -0.3387157321,
"z" : -0.9406545758
}
,
"look" : {
"x" : 0.0582046546,
"y" : -0.9388517141,
"z" : 0.339365989
}
,
"type" : 2
}
,
"speed" : 600,
"length" : 68238.28173
}
, {
"cam" : {
"position" : {
"x" : 4429978.971,
"y" : 2376737.75,
"z" : -459.8715572
}
,
"right" : {
"x" : -0.9930360317,
"y" : 0.117809467,
"z" : 0
}
,
"up" : {
"x" : -0.04328663275,
"y" : -0.3648700714,
"z" : -0.9300519228
}
,
"look" : {
"x" : -0.1095688418,
"y" : -0.9235749245,
"z" : 0.3674286902
}
,
"type" : 2
}
,
"speed" : 100,
"length" : 69385.24156
}
]
}
