{
"attribute" : "RGB",
"stats" : {
"min" : 0.000000,
"max" : 255.000000,
"avg" : 0.022315,
"stddev" : 0.000000,
"count" : 11397066.000000,
"sum" : 510730851.000000,
"variance" : 0.000000,
"histogram" : {
"minimum" : 0.000000,
"maximum" : 0.000000,
"counts" : []
}

}

}
