{
"attribute" : "RETURNS",
"stats" : {
"min" : 17.000000,
"max" : 52.000000,
"avg" : 0.000000,
"stddev" : 0.000000,
"count" : 3799022.000000,
"sum" : 0.000000,
"variance" : 0.000000,
"histogram" : {
"minimum" : 17.000000,
"maximum" : 52.000000,
"counts" : [3704673, 0, 0, 0, 0, 0, 0, 0, 0, 0, 0, 0, 0, 0, 0, 0, 49581, 43733, 0, 0, 0, 0, 0, 0, 0, 0, 0, 0, 0, 0, 0, 0, 394, 341, 300]
}
,
"mostFrequentValues" : [{
"value" : 17.000000,
"count" : 3704673
}
, {
"value" : 33.000000,
"count" : 49581
}
, {
"value" : 34.000000,
"count" : 43733
}
, {
"value" : 49.000000,
"count" : 394
}
, {
"value" : 50.000000,
"count" : 341
}
, {
"value" : 51.000000,
"count" : 300
}
]
}

}
