{
"actualCount" : 64,
"nodes" : [{
"resourceId" : 0,
"obb" : {
"center" : [-105.017570, 39.748570, 1610.672543],
"halfSize" : [500.318726, 945.284058, 44.164474],
"quaternion" : [0.420958, -0.055540, -0.118199, 0.897630]
}
,
"firstChild" : 1,
"childCount" : 4,
"pointCount" : 14998,
"effectiveArea" : 8870.979492
}
, {
"resourceId" : 1,
"obb" : {
"center" : [-105.017912, 39.744325, 1610.727267],
"halfSize" : [470.837952, 472.653198, 44.164413],
"quaternion" : [0.420991, -0.055546, -0.118200, 0.897614]
}
,
"firstChild" : 5,
"childCount" : 4,
"pointCount" : 14998,
"effectiveArea" : 4157.308105
}
, {
"resourceId" : 2,
"obb" : {
"center" : [-105.012070, 39.744326, 1592.342736],
"halfSize" : [29.453506, 472.624634, 18.401863],
"quaternion" : [0.420997, -0.055500, -0.118206, 0.897613]
}
,
"firstChild" : 9,
"childCount" : 2,
"pointCount" : 14999,
"effectiveArea" : 259.138977
}
, {
"resourceId" : 3,
"obb" : {
"center" : [-105.017914, 39.752815, 1610.727275],
"halfSize" : [470.798401, 472.652039, 36.803658],
"quaternion" : [0.420924, -0.055537, -0.118204, 0.897645]
}
,
"firstChild" : 11,
"childCount" : 4,
"pointCount" : 14999,
"effectiveArea" : 4175.689941
}
, {
"resourceId" : 4,
"obb" : {
"center" : [-105.012071, 39.752815, 1599.703462],
"halfSize" : [29.474119, 472.625061, 25.762581],
"quaternion" : [0.420930, -0.055491, -0.118211, 0.897644]
}
,
"firstChild" : 15,
"childCount" : 2,
"pointCount" : 14999,
"effectiveArea" : 278.842285
}
, {
"resourceId" : 5,
"obb" : {
"center" : [-105.020661, 39.742203, 1610.753426],
"halfSize" : [235.421555, 236.319183, 36.803673],
"quaternion" : [0.421006, -0.055558, -0.118220, 0.897603]
}
,
"firstChild" : 391,
"childCount" : 4,
"pointCount" : 14998,
"effectiveArea" : 995.337219
}
, {
"resourceId" : 6,
"obb" : {
"center" : [-105.015162, 39.742204, 1603.392690],
"halfSize" : [235.409317, 236.319489, 29.442932],
"quaternion" : [0.421010, -0.055526, -0.118203, 0.897605]
}
,
"firstChild" : 468,
"childCount" : 4,
"pointCount" : 14998,
"effectiveArea" : 1106.404785
}
, {
"resourceId" : 7,
"obb" : {
"center" : [-105.020662, 39.746447, 1610.753429],
"halfSize" : [235.421509, 236.319000, 36.803665],
"quaternion" : [0.420973, -0.055554, -0.118222, 0.897619]
}
,
"firstChild" : 558,
"childCount" : 4,
"pointCount" : 14998,
"effectiveArea" : 972.495605
}
, {
"resourceId" : 8,
"obb" : {
"center" : [-105.015163, 39.746448, 1610.753424],
"halfSize" : [235.410095, 236.320206, 44.164398],
"quaternion" : [0.420977, -0.055521, -0.118205, 0.897621]
}
,
"firstChild" : 634,
"childCount" : 4,
"pointCount" : 14998,
"effectiveArea" : 1083.070435
}
, {
"resourceId" : 9,
"obb" : {
"center" : [-105.012112, 39.742204, 1588.675529],
"halfSize" : [25.770138, 236.312134, 14.721470],
"quaternion" : [0.421013, -0.055502, -0.118206, 0.897605]
}
,
"firstChild" : 379,
"childCount" : 2,
"pointCount" : 14999,
"effectiveArea" : 118.493088
}
, {
"resourceId" : 10,
"obb" : {
"center" : [-105.012070, 39.746448, 1592.355872],
"halfSize" : [29.438751, 236.312225, 18.401859],
"quaternion" : [0.420980, -0.055497, -0.118208, 0.897620]
}
,
"firstChild" : 385,
"childCount" : 2,
"pointCount" : 14999,
"effectiveArea" : 140.645889
}
, {
"resourceId" : 11,
"obb" : {
"center" : [-105.020663, 39.750692, 1610.753431],
"halfSize" : [235.408218, 236.318634, 29.442924],
"quaternion" : [0.420940, -0.055549, -0.118224, 0.897634]
}
,
"firstChild" : 29,
"childCount" : 4,
"pointCount" : 14999,
"effectiveArea" : 974.466370
}
, {
"resourceId" : 12,
"obb" : {
"center" : [-105.015164, 39.750693, 1607.073067],
"halfSize" : [235.409485, 236.319489, 33.123306],
"quaternion" : [0.420944, -0.055517, -0.118207, 0.897636]
}
,
"firstChild" : 102,
"childCount" : 4,
"pointCount" : 14997,
"effectiveArea" : 1078.764648
}
, {
"resourceId" : 13,
"obb" : {
"center" : [-105.020621, 39.754936, 1621.794658],
"halfSize" : [231.743530, 236.318604, 25.762569],
"quaternion" : [0.420906, -0.055545, -0.118226, 0.897650]
}
,
"firstChild" : 187,
"childCount" : 4,
"pointCount" : 14998,
"effectiveArea" : 1010.227966
}
, {
"resourceId" : 14,
"obb" : {
"center" : [-105.015165, 39.754937, 1607.073066],
"halfSize" : [235.409210, 236.319061, 25.762566],
"quaternion" : [0.420911, -0.055513, -0.118209, 0.897652]
}
,
"firstChild" : 290,
"childCount" : 4,
"pointCount" : 14999,
"effectiveArea" : 1112.230835
}
, {
"resourceId" : 15,
"obb" : {
"center" : [-105.012071, 39.750693, 1599.716607],
"halfSize" : [29.447899, 236.312607, 25.762562],
"quaternion" : [0.420947, -0.055493, -0.118210, 0.897636]
}
,
"firstChild" : 17,
"childCount" : 2,
"pointCount" : 14999,
"effectiveArea" : 128.284027
}
, {
"resourceId" : 16,
"obb" : {
"center" : [-105.012072, 39.754938, 1592.355882],
"halfSize" : [29.447746, 236.311890, 18.401836],
"quaternion" : [0.420914, -0.055489, -0.118212, 0.897652]
}
,
"firstChild" : 23,
"childCount" : 2,
"pointCount" : 14999,
"effectiveArea" : 150.558258
}
, {
"resourceId" : 17,
"obb" : {
"center" : [-105.012071, 39.749632, 1592.359159],
"halfSize" : [29.434711, 118.156044, 18.401840],
"quaternion" : [0.420955, -0.055494, -0.118210, 0.897632]
}
,
"firstChild" : 19,
"childCount" : 2,
"pointCount" : 14999,
"effectiveArea" : 71.385399
}
, {
"resourceId" : 18,
"obb" : {
"center" : [-105.012071, 39.751754, 1599.719894],
"halfSize" : [29.434828, 118.156250, 25.762554],
"quaternion" : [0.420939, -0.055492, -0.118211, 0.897640]
}
,
"firstChild" : 21,
"childCount" : 2,
"pointCount" : 14999,
"effectiveArea" : 56.898632
}
, {
"resourceId" : 19,
"obb" : {
"center" : [-105.012071, 39.749101, 1584.999251],
"halfSize" : [29.421793, 59.077900, 11.041101],
"quaternion" : [0.420960, -0.055494, -0.118210, 0.897630]
}
,
"firstChild" : 0,
"childCount" : 0,
"pointCount" : 14966,
"effectiveArea" : 34.946644
}
, {
"resourceId" : 20,
"obb" : {
"center" : [-105.012071, 39.750162, 1592.359982],
"halfSize" : [29.421860, 59.078018, 18.401831],
"quaternion" : [0.420951, -0.055493, -0.118210, 0.897634]
}
,
"firstChild" : 0,
"childCount" : 0,
"pointCount" : 15605,
"effectiveArea" : 36.438755
}
, {
"resourceId" : 21,
"obb" : {
"center" : [-105.012071, 39.751224, 1599.720711],
"halfSize" : [29.421926, 59.078148, 25.762566],
"quaternion" : [0.420943, -0.055492, -0.118211, 0.897638]
}
,
"firstChild" : 0,
"childCount" : 0,
"pointCount" : 12671,
"effectiveArea" : 29.587662
}
, {
"resourceId" : 22,
"obb" : {
"center" : [-105.012071, 39.752285, 1599.720711],
"halfSize" : [29.421925, 59.078125, 25.762558],
"quaternion" : [0.420935, -0.055491, -0.118211, 0.897642]
}
,
"firstChild" : 0,
"childCount" : 0,
"pointCount" : 11696,
"effectiveArea" : 27.310968
}
, {
"resourceId" : 23,
"obb" : {
"center" : [-105.012071, 39.753876, 1588.678790],
"halfSize" : [29.434727, 118.155838, 14.721468],
"quaternion" : [0.420922, -0.055490, -0.118212, 0.897648]
}
,
"firstChild" : 25,
"childCount" : 2,
"pointCount" : 14999,
"effectiveArea" : 73.451935
}
, {
"resourceId" : 24,
"obb" : {
"center" : [-105.012072, 39.755999, 1596.039523],
"halfSize" : [29.434769, 118.155914, 14.721464],
"quaternion" : [0.420905, -0.055487, -0.118213, 0.897655]
}
,
"firstChild" : 27,
"childCount" : 2,
"pointCount" : 14999,
"effectiveArea" : 77.106316
}
, {
"resourceId" : 25,
"obb" : {
"center" : [-105.012071, 39.753346, 1584.999249],
"halfSize" : [29.421783, 59.077843, 11.041095],
"quaternion" : [0.420926, -0.055490, -0.118212, 0.897646]
}
,
"firstChild" : 0,
"childCount" : 0,
"pointCount" : 15507,
"effectiveArea" : 36.209919
}
, {
"resourceId" : 26,
"obb" : {
"center" : [-105.012072, 39.754407, 1592.359982],
"halfSize" : [29.421822, 59.077908, 11.041098],
"quaternion" : [0.420918, -0.055489, -0.118212, 0.897650]
}
,
"firstChild" : 0,
"childCount" : 0,
"pointCount" : 15949,
"effectiveArea" : 37.242020
}
, {
"resourceId" : 27,
"obb" : {
"center" : [-105.012072, 39.755468, 1592.359981],
"halfSize" : [29.421810, 59.077888, 11.041099],
"quaternion" : [0.420910, -0.055488, -0.118213, 0.897654]
}
,
"firstChild" : 0,
"childCount" : 0,
"pointCount" : 17111,
"effectiveArea" : 39.955368
}
, {
"resourceId" : 28,