{
"attribute" : "INTENSITY",
"stats" : {
"min" : 0.000000,
"max" : 256.000000,
"avg" : 0.000000,
"stddev" : 0.000000,
"count" : 3799022.000000,
"sum" : 0.000000,
"variance" : 0.000000,
"histogram" : {
"minimum" : 0.000000,
"maximum" : 256.000000,
"counts" : [143339, 143858, 149770, 164501, 174011, 181377, 192349, 166440, 132127, 110664, 100962, 97616, 97383, 100071, 106157, 114260, 119177, 122104, 121872, 116999, 111086, 102366, 92383, 81642, 71199, 61043, 53223, 47350, 42872, 39193, 38076, 403552]
}

}

}
