{
"attribute" : "FLAGS",
"stats" : {
"min" : 0.000000,
"max" : 1.000000,
"avg" : 0.000000,
"stddev" : 0.000000,
"count" : 3799022.000000,
"sum" : 0.000000,
"variance" : 0.000000,
"histogram" : {
"minimum" : 0.000000,
"maximum" : 1.000000,
"counts" : [3799022]
}
,
"mostFrequentValues" : [{
"value" : 0.000000,
"count" : 3799022
}
]
}

}
