{
    "keyframes": [
        {
            "cam": {
                "position": {
                    "x": 3912472.678,
                    "y": 3528954.733,
                    "z": -891.8212527
                },
                "right": {
                    "x": 0.5897879004,
                    "y": 0.8075579405,
                    "z": 0
                },
                "up": {
                    "x": -0.307618767,
                    "y": 0.224664852,
                    "z": -0.9246060252
                },
                "look": {
                    "x": -0.7466728091,
                    "y": 0.5453215837,
                    "z": 0.3809249401
                },
                "type": 2
            },
            "speed": 5,
            "length": 0
        },
        {
            "cam": {
                "position": {
                    "x": 3912068.835,
                    "y": 3529258.378,
                    "z": -815.935314
                },
                "right": {
                    "x": 0.7384684086,
                    "y": 0.6742877364,
                    "z": 0
                },
                "up": {
                    "x": -0.1738650203,
                    "y": 0.1904140413,
                    "z": -0.9661848545
                },
                "look": {
                    "x": -0.6514865756,
                    "y": 0.7134971619,
                    "z": 0.2578501701
                },
                "type": 2
            },
            "speed": 70,
            "length": 507.7796796
        },
        {
            "cam": {
                "position": {
                    "x": 3912006.272,
                    "y": 3529342.699,
                    "z": -812.6474025
                },
                "right": {
                    "x": 0.9887708426,
                    "y": 0.1494380832,
                    "z": 0
                },
                "up": {
                    "x": -0.03708681464,
                    "y": 0.2453885525,
                    "z": -0.9687150121
                },
                "look": {
                    "x": -0.1447628289,
                    "y": 0.957837224,
                    "z": 0.2481756061
                },
                "type": 2
            },
            "speed": 70,
            "length": 612.8270808
        },
        {
            "cam": {
                "position": {
                    "x": 3911993.849,
                    "y": 3529413.363,
                    "z": -812.137675
                },
                "right": {
                    "x": 0.9171206951,
                    "y": 0.3986091912,
                    "z": 0
                },
                "up": {
                    "x": -0.05988121033,
                    "y": 0.1377747655,
                    "z": -0.9886516333
                },
                "look": {
                    "x": -0.3940855563,
                    "y": 0.9067128897,
                    "z": 0.1502256691
                },
                "type": 2
            },
            "speed": 70,
            "length": 684.5765296
        },
        {
            "cam": {
                "position": {
                    "x": 3911991.117,
                    "y": 3529468.533,
                    "z": -816.6121698
                },
                "right": {
                    "x": 0.9995498061,
                    "y": 0.02999546751,
                    "z": 0
                },
                "up": {
                    "x": -0.009315796196,
                    "y": 0.3104336262,
                    "z": -0.9505492449
                },
                "look": {
                    "x": -0.02851205133,
                    "y": 0.9501214027,
                    "z": 0.3105736971
                },
                "type": 2
            },
            "speed": 70,
            "length": 739.9952381
        },
        {
            "cam": {
                "position": {
                    "x": 3911988.12,
                    "y": 3529523.765,
                    "z": -825.6330672
                },
                "right": {
                    "x": 0.9527875185,
                    "y": 0.303637743,
                    "z": 0
                },
                "up": {
                    "x": -0.1147773564,
                    "y": 0.360160768,
                    "z": -0.92580235
                },
                "look": {
                    "x": -0.2811086178,
                    "y": 0.8820930719,
                    "z": 0.3780075014
                },
                "type": 2
            },
            "speed": 100,
            "length": 796.0396619
        },
        {
            "cam": {
                "position": {
                    "x": 3911863.144,
                    "y": 3529716.49,
                    "z": -813.4586282
                },
                "right": {
                    "x": 0.7721945643,
                    "y": 0.6353859901,
                    "z": 0
                },
                "up": {
                    "x": -0.1680337042,
                    "y": 0.204213962,
                    "z": -0.9643966556
                },
                "look": {
                    "x": -0.6127642393,
                    "y": 0.7447020411,
                    "z": 0.2644592524
                },
                "type": 2
            },
            "speed": 100,
            "length": 1026.061311
        },
        {
            "cam": {
                "position": {
                    "x": 3911665.335,
                    "y": 3529860.112,
                    "z": -867.4789687
                },
                "right": {
                    "x": 0.08259442449,
                    "y": 0.9965832233,
                    "z": 0
                },
                "up": {
                    "x": -0.3490155339,
                    "y": 0.02892553806,
                    "z": -0.9366705418
                },
                "look": {
                    "x": -0.9334701896,
                    "y": 0.07736378908,
                    "z": 0.3502120972
                },
                "type": 2
            },
            "speed": 100,
            "length": 1276.409271
        },
        {
            "cam": {
                "position": {
                    "x": 3911538.308,
                    "y": 3530125.345,
                    "z": -993.4823313
                },
                "right": {
                    "x": -0.2447980046,
                    "y": 0.9695740938,
                    "z": 0
                },
                "up": {
                    "x": -0.4544213712,
                    "y": -0.11473234,
                    "z": -0.8833674788
                },
                "look": {
                    "x": -0.8564901948,
                    "y": -0.2162465751,
                    "z": 0.4686814547
                },
                "type": 2
            },
            "speed": 100,
            "length": 1596.348341
        },
        {
            "cam": {
                "position": {
                    "x": 3911197.207,
                    "y": 3530052.356,
                    "z": -839.4077465
                },
                "right": {
                    "x": -0.117042467,
                    "y": 0.9931268692,
                    "z": 0
                },
                "up": {
                    "x": -0.2627893984,
                    "y": -0.03097044118,
                    "z": -0.964356184
                },
                "look": {
                    "x": -0.9577280879,
                    "y": -0.1128706038,
                    "z": 0.2646080852
                },
                "type": 2
            },
            "speed": 100,
            "length": 1977.68354
        },
        {
            "cam": {
                "position": {
                    "x": 3911056.167,
                    "y": 3530010.009,
                    "z": -840.9197128
                },