{
    "keyframes": [
        {
            "cam": {
                "position": {
                    "x": 313351.2407,
                    "y": 4660008.437,
                    "z": -84.531121
                },
                "right": {
                    "x": 0.7755656242,
                    "y": -0.6312667727,
                    "z": 0
                },
                "up": {
                    "x": 0.1041828617,
                    "y": 0.1279975921,
                    "z": -0.9862872958
                },
                "look": {
                    "x": 0.6226103902,
                    "y": 0.7649303675,
                    "z": 0.1650377959
                },
                "type": 2
            },
            "speed": 2,
            "length": 0
        },
        {
            "cam": {
                "position": {
                    "x": 313455.4161,
                    "y": 4660297.948,
                    "z": -74.31887412
                },
                "right": {
                    "x": 0.7818394303,
                    "y": -0.6234796643,
                    "z": 0
                },
                "up": {
                    "x": -0.008855417371,
                    "y": -0.0111046806,
                    "z": -0.9998992085
                },
                "look": {
                    "x": 0.6234167814,
                    "y": 0.7817605734,
                    "z": -0.01420316845
                },
                "type": 2
            },
            "speed": 50,
            "length": 307.8529592
        },
        {
            "cam": {
                "position": {
                    "x": 313503.3399,
                    "y": 4660442.974,
                    "z": -78.06237785
                },
                "right": {
                    "x": 0.9482284784,
                    "y": -0.3175888062,
                    "z": 0
                },
                "up": {
                    "x": 0.02246535569,
                    "y": 0.06707496941,
                    "z": -0.9974950552
                },
                "look": {
                    "x": 0.3167932332,
                    "y": 0.9458531141,
                    "z": 0.07073722035
                },
                "type": 2
            },
            "speed": 80,
            "length": 460.6380731
        },
        {
            "cam": {
                "position": {
                    "x": 313505.0027,
                    "y": 4660491.675,
                    "z": -96.93540792
                },
                "right": {
                    "x": 0.9865710735,
                    "y": -0.1633326411,
                    "z": 0
                },
                "up": {
                    "x": 0.02369556762,
                    "y": 0.1431274116,
                    "z": -0.9894205332
                },
                "look": {
                    "x": 0.1616046131,
                    "y": 0.9761337042,
                    "z": 0.1450756341
                },
                "type": 2
            },
            "speed": 80,
            "length": 512.8947522
        },
        {
            "cam": {
                "position": {
                    "x": 313519.2714,
                    "y": 4660604.143,
                    "z": -96.93540781
                },
                "right": {
                    "x": 0.9865710735,
                    "y": -0.1633326411,
                    "z": 0
                },
                "up": {
                    "x": 0.02369556762,
                    "y": 0.1431274116,
                    "z": -0.9894205332
                },
                "look": {
                    "x": 0.1616046131,
                    "y": 0.9761337042,
                    "z": 0.1450756341
                },
                "type": 2
            },
            "speed": 80,
            "length": 626.2641395
        },
        {
            "cam": {
                "position": {
                    "x": 313445.2812,
                    "y": 4660686.625,
                    "z": -115.178232
                },
                "right": {
                    "x": -0.2408788502,
                    "y": -0.9705551863,
                    "z": 0
                },
                "up": {
                    "x": 0.1933801472,
                    "y": -0.04799437523,
                    "z": -0.9799492955
                },
                "look": {
                    "x": 0.9510949254,
                    "y": -0.2360490113,
                    "z": 0.1992469728
                },
                "type": 2
            },
            "speed": 80,
            "length": 738.5614885
        },
        {
            "cam": {
                "position": {
                    "x": 313529.3288,
                    "y": 4660672.857,
                    "z": -111.7768095
                },
                "right": {
                    "x": -0.2408788502,
                    "y": -0.9705551863,
                    "z": 0
                },
                "up": {
                    "x": 0.1933801472,
                    "y": -0.04799437523,
                    "z": -0.9799492955
                },
                "look": {
                    "x": 0.9510949254,
                    "y": -0.2360490113,
                    "z": 0.1992469728
                },
                "type": 2
            },
            "speed": 80,
            "length": 823.7972734
        },
        {
            "cam": {
                "position": {
                    "x": 313565.9782,
                    "y": 4660651.808,
                    "z": -105.7935717
                },
                "right": {
                    "x": -0.2794980109,
                    "y": -0.9601463079,
                    "z": 0
                },
                "up": {
                    "x": -0.1286656559,
                    "y": 0.03745446727,
                    "z": -0.9909803867
                },
                "look": {
                    "x": 0.9514861703,
                    "y": -0.2769770324,
                    "z": -0.1340062916
                },
                "type": 2
            },
            "speed": 80,
            "length": 866.4824007
        },
        {
            "cam": {
                "position": {
                    "x": 313705.55,
                    "y": 4660704.078,
                    "z": -120.0661257
                },
                "right": {
                    "x": -0.9452374578,
                    "y": 0.3263834119,
                    "z": 0
                },
                "up": {
                    "x": -0.02302008495,
                    "y": -0.06666827202,
                    "z": -0.9975094795
                },
                "look": {
                    "x": -0.3255705833,
                    "y": -0.9428834319,
                    "z": 0.07053074241
                },
                "type": 2
            },
            "speed": 80,
            "length": 1016.202499
        },
        {
            "cam": {
                "position": {
                    "x": 313792.5609,
                    "y": 4660596.714,
                    "z": -141.40535
                },
                "right": {
                    "x": 0.3724787235,
                    "y": 0.9280407429,
                    "z": 0
                },
                "up": {
                    "x": -0.2747772038,
                    "y": 0.1102846861,
                    "z": -0.9551619887
                },
                "look": {
                    "x": -0.8864293098,
                    "y": 0.3557775617,
                    "z": 0.2960831523
                },
                "type": 2
            },
            "speed": 70,
            "length": 1156.035512
        },
        {
            "cam": {
                "position": {
                    "x": 313774.1338,
                    "y": 4660568.219,