{
    "featureData": [
        {
            "position": [
                -120.233259777336656,
                39.1975451001783028,
                1896.46557621670036
            ],
            "id": 1
        },
        {
            "position": [
                -120.230476574493366,
                39.1976590870344666,
                1888.84558120960378
            ],
            "id": 2
        },
        {
            "position": [
                -120.235310119680662,
                39.1984046366487746,
                1899.513550219539
            ],
            "id": 3
        },
        {
            "position": [
                -120.240743291390672,
                39.1986236597809068,
                1901.64721722152626
            ],
            "id": 4
        }
    ],
    "geometryData": null
}