{
    "min": 1567.597046,
    "max": 1649.043945,
    "avg": 1593.811809,
    "stddev": 12.722517,
    "count": 3799022.000000,
    "sum": 6054926127.557739,
    "variance": 161.862445,
    "histogram": {
        "minimum": 1567.596482,
        "maximum": 1644.937967,
        "counts": [
            1,
            0,
            0,
            0,
            0,
            0,
            0,
            0,
            0,
            0,
            0,
            0,
            0,
            0,
            0,
            0,
            0,
            0,
            0,
            0,
            0,
            0,
            0,
            0,
            1,
            0,
            0,
            0,
            1,
            3,
            123,
            1852,
            7407,
            11776,
            15386,
            11689,
            12569,
            10041,
            11340,
            12370,
            18329,
            29686,
            40210,
            44547,
            50266,
            86603,
            102660,
            129177,
            113065,
            97772,
            103083,
            92726,
            74721,
            70910,
            68750,
            65077,
            66181,
            75049,
            69223,
            65015,
            65122,
            54877,
            46869,
            48223,
            47339,
            38808,
            35533,
            35212,
            33455,
            29682,
            33789,
            41732,
            26137,
            23063,
            26649,
            20234,
            15673,
            16440,
            22573,
            23646,
            24871,
            25511,
            25566,
            22712,
            20494,
            19606,
            20215,
            18483,
            17837,
            17991,
            17078,
            19259,
            20789,
            20905,
            18258,
            17028,
            20344,
            20705,
            20444,
            21581,
            19226,
            16906,
            19515,
            15510,
            15514,
            15741,
            15821,
            16097,
            14391,
            14062,
            15048,
            15715,
            15695,
            17170,
            14275,
            12690,
            13680,
            15699,
            15755,
            15074,
            14364,
            16359,
            20516,
            16407,
            12986,
            13478,
            12766,
            12209,
            11665,
            11931,
            13373,
            14710,
            14430,
            14360,
            15652,
            15713,
            14377,
            14540,
            12478,
            12802,
            16602,
            13237,
            12228,
            10972,
            12456,
            13791,
            15004,
            18845,
            15398,
            16732,
            15076,
            13460,
            12835,
            12615,
            13230,
            12967,
            12310,
            13408,
            18330,
            20433,
            21039,
            26813,
            21120,
            12081,
            6965,
            7830,
            9959,
            8015,
            6127,
            6679,
            6386,
            9682,
            11268,
            5126,
            4643,
            5009,
            4573,
            4029,
            4647,
            4351,
            6812,
            4024,
            3578,
            3810,
            4463,
            5298,
            4970,
            2439,
            2075,
            1624,
            1734,
            1579,
            1596,
            1417,
            1450,
            1391,
            1313,
            1321,
            1970,
            3932,
            1044,
            982,
            1158,
            871,
            622,
            739,
            513,
            526,
            378,
            388,
            500,
            1172,
            353,
            244,
            248,
            175,
            139,
            254,
            259,
            248,
            284,
            297,
            173,
            155,
            169,
            142,
            246,
            130,
            136,
            208,
            194,
            96,
            98,
            91,
            93,
            126,
            151,
            125,
            125,
            119,
            126,
            118,
            178,
            140,
            96,
            76,
            85,
            38,
            85
        ]
    }
}